name,rating,price
Hatozaki Blended Japanese Whisky,3(3 Reviews),£29.45
Suntory Torys Classic,3.5(2 Reviews),£30.45
Suntory Toki,4(30 Reviews),£31.95
Akashi Blended Whisky,3.5(19 Reviews),£32.75
Tokinoka White Blended Whisky,no rating,£32.95
"Suntory Toki
Glass Pack",no rating,£34.95
Nikka Days,5(1 Review),£38.95
Mars Kasei Blended Whisky,no rating,£42.95
Nikka From the Barrel,4.5(107 Reviews),£42.95
Togouchi Premium Blended Whisky,4.5(10 Reviews),£44.95
Nikka Pure Malt Red,4.5(3 Reviews),£46.45
Hatozaki Pure Malt Japanese Whisky,5(1 Review),£47.45
Tokinoka Black Blended Whisky,no rating,£47.95
Suntory Chita Whisky,4.5(37 Reviews),£49.95
"Super Nikka
Rare Old",4.5(10 Reviews),£50.25
Nikka Coffey Grain Whisky,4.5(51 Reviews),£54.95
Enso Japanese Whisky,no rating,£55.95
Mars Maltage Cosmo,4 (8 Reviews),£55.95
Nikka Coffey Malt Whisky,4.5(39 Reviews),£58.45
Suntory Kakubin Yellow Label,4.5(7 Reviews),£59.45
"Nikka Taketsuru Pure Malt
2020 Release",5(1 Review),£59.95
Ichiro's Malt & Grain Japanese Whisky,5(1 Review),£61.95
Suntory Hakushu Distiller's Reserve,4.5(27 Reviews),£66.95
Akashi Single Malt Whisky,5(1 Review),£73.59
Nikka Miyagikyo Single Malt,4.5(9 Reviews),£74.95
"Yamazakura 963
8 Year Old",5(2 Reviews),£77.95
Togouchi Whisky 12 Year Old,4(1 Review),£80.95
Kaiyo Mizunara Oak,5(2 Reviews),£82.95
Mars Cosmo Wine Cask Finish,no rating,£89.95
Kaiyo Peated Mizunara Oak,no rating,£99.95
Nikka Tailored,no rating,£110
Kaiyo Mizunara Oak Cask Strength,5(3 Reviews),£110
"Ichiro's Malt Double Distilleries
(46.5%)",4.5(2 Reviews),£115
Ichiro's Malt Wine Wood Reserve,5(1 Review),£115
"Ichiro's Malt MWR
Mizunara Wood Reserve",5(4 Reviews),£115
Nikka Pure Malt White,4.5(3 Reviews),£125
The Nikka 12 Year Old,5(16 Reviews),£125
"Mars Komagatake Ltd Edition
Bot.2020",no rating,£135
Suntory Yamazaki 12 Year Old,4.5(88 Reviews),£135
"Akashi 5 Year Old
Sherry Cask Half Litre",5(2 Reviews),£150
"Nikka Coffey Malt Whisky Show Package
1 Ticket",no rating,£165
Togouchi 15 Year Old,5(1 Review),£175
Suntory Hakushu 12 Year Old,4.5(32 Reviews),£175
"Ichiro's Malt & Grain
World Blended Whisky 2020 Blue Label",no rating,£185
"Nikka Coffey Malt Whisky Show Package
2 Tickets",no rating,£260
"Ichiro's Malt & Grain
 World Blended Whisky 2018 Limited Edition",no rating,£275
Nikka Yoichi Bourbon Wood Finish,no rating,£299
Nikka Yoichi Rum Finish,no rating,£299
Suntory Hakushu 10 Year Old,5(1 Review),£325
"Suntory Excellence
Bot.1980s",no rating,£450
"Suntory Yamazaki 10 Year Old
Bot.2000s",no rating,£450
Nikka Taketsuru 17 Year Old,5(5 Reviews),£450
Nikka Miyagikyo 10 Year Old,no rating,£450
"Suntory Hibiki 12 Year Old
Half Litre",5(13 Reviews),£450
"Chichibu The Peated 2012
Bot.2016",5(5 Reviews),£500
"Chichibu On The Way
Bot.2015 Ichiro's Malt",4.5(2 Reviews),£500
Nikka Yoichi 10 Year Old,4.5(9 Reviews),£500
Nikka Miyagikyo 12 Year Old,no rating,£550
Suntory Hibiki 17 Year Old,4.5(37 Reviews),£550
Nikka Yoichi & Miyagikyo Rum Cask Finish,no rating,£600
Nikka Yoichi 12 Year Old,4(3 Reviews),£750
Suntory Yamazaki 18 Year Old,5(39 Reviews),£750
Nikka Miyagikyo 15 Year Old,4(1 Review),£800
Suntory Hibiki 21 Year Old,5(4 Reviews),£800
Nikka Taketsuru 21 Year Old,no rating,"£1,000"
Nikka Yoichi 15 Year Old,5(4 Reviews),"£1,000"
"Nikka Taketsuru 21 Year Old
80th Anniversary",no rating,"£1,200"
Yamazaki Bourbon Barrel,no rating,"£1,500"
"Suntory Yamazaki Puncheon
Bot.2011",no rating,"£1,500"
"Ichiro's Malt & Grain
Japanese Blended Whisky 2020",no rating,"£1,750"
"Ichiro's Malt & Grain
Japanese Blended Whisky 2019",no rating,"£1,750"
"Hanyu 2000
Cask #359 No 1 10th Anniversary",no rating,"£1,750"
"Hanyu 2000 Final Vintage
15 Year Old Ichiro's Malt",no rating,"£1,750"
"Karuizawa Spirit of Asama
48%",no rating,"£1,750"
"Chichibu 2013 Sherry Oloroso Cask
Velier 70th Anniversary",no rating,"£1,800"
"SMWS 116.4 (Yoichi)
1988 13 Year Old",no rating,"£2,000"
"Karuizawa Spirit of Asama
55%",4(3 Reviews),"£2,000"
"Hanyu 2000
Cask 362 TWE Bottling",no rating,"£2,500"
"Chichibu 2010
Cask #1000",no rating,"£3,250"
"Nikka Yoichi 1987
23 Year Old Cask #112814 LMDW",no rating,"£3,500"
"Nikka Yoichi 1987
18 Year Old Cask #254816",no rating,"£3,500"
"Nikka Taketsuru 25 Year Old
Pure Malt",no rating,"£4,000"
Suntory Hakushu 25 Year Old,no rating,"£4,000"
"Nikka Miyagikyo 50th Anniversary
Limited Edition 2019",no rating,"£4,500"
"Suntory Yamazaki Mizunara
Bot.2011",no rating,"£5,000"
"Nikka Yoichi 50th Anniversary
Limited Edition 2019",no rating,"£5,000"
"Suntory Yamazaki Mizunara 18 Year Old
2017 Edition",no rating,"£5,000"
"SMWS 116.1 (Yoichi)
1986 16 Year Old",no rating,"£5,000"
"Karuizawa 1980
34 Year Old Cask #6476",no rating,"£6,000"
"Karuizawa 1984
Sherry Cask #3657",no rating,"£6,000"
"Suntory Yamazaki 25 Year Old
Sherry Cask",5(3 Reviews),"£6,500"
"Karuizawa 1984
28 Year Old Cocktail Series",no rating,"£6,500"
"Karuizawa 1984
Bot.2013 Sherry Cask #3663",5(1 Review),"£6,500"
"Karuizawa 1981
33 Year Old Cask #136",no rating,"£7,000"
"Karuizawa 1979
35 Year Old Cask #8187",no rating,"£7,000"
"Karuizawa 1983
Bot.2014 Sherry Cask",5(2 Reviews),"£7,000"
"Karuizawa 1980
Bot.2015",no rating,"£7,500"
"Hanyu
The Joker Colour Label",4.5(2 Reviews),"£7,500"
"Karuizawa 1972
Cask #7290 Bot 2008",no rating,"£8,500"
"Karuizawa 1984
29 Years Old Sherry Cask #3662",no rating,"£8,500"
"Karuizawa 30 Year Old
Bourbon Cask #8606",no rating,"£8,500"
"Karuizawa 1984
First Fill Sherry Cask #4021",no rating,"£8,500"
"Karuizawa 1981
Bot.2014 Sherry Cask",no rating,"£10,000"
"Karuizawa 1976 Noh
32 Year Old Sherry Butt #6719",no rating,"£12,000"
"Karuizawa 31 Year Old
Sapphire Geisha",no rating,"£15,000"
"Karuizawa 29 Year Old
Bourbon Cask #8897",no rating,"£17,500"
"Karuizawa 36 Year Old
Sapphire Geisha",no rating,"£18,000"
"Karuizawa 35 Year Old
Bourbon Cask 8518 Emerald Geisha",5(2 Reviews),"£18,000"
"Karuizawa 1967
42 Year Old Cask #6426 TWE 10th Anniversary",no rating,"£20,000"
"Karuizawa 38 Year Old
Pearl Geisha",no rating,"£20,000"
"Karuizawa 30 Year Old
Sherry Cask #5347",no rating,"£20,000"
"Karuizawa 1967
42 Year Old Cask #6426 TWE 10th Anniversary",no rating,"£20,000"
"Hanyu 1990
Queen of Hearts Cask #9102",no rating,"£25,000"
"Karuizawa 37 Year Old
Pearl Geisha",no rating,"£35,000"
"Hanyu 1985 The Joker
Monochrome Label",no rating,"£60,000"
